hash,year,dayofyear,predstype,preds,preds_interval,anomaly,excessqty
968c3ede97d8466333059c677f187f88,2022,34,HWES3_MUL,900000,1000,t,550000
968c3ede97d8466333059c677f187f88,2022,104,HWES3_MUL,1471479.8277046292,523729.2755481649,t,
968c3ede97d8466333059c677f187f88,2021,102,HWES3_MUL,1000,1041,t,

